{
  "precision_at_k": {
    "1": 0.4964871194379391,
    "3": 0.26229508196721313,
    "5": 0.18641686182669787,
    "10": 0.10725995316159252
  },
  "recall_at_k": {
    "1": 0.3540182950019015,
    "3": 0.5169534017894674,
    "5": 0.5908434916631639,
    "10": 0.6598941131728017
  },
  "map": 0.4921123031203047,
  "mrr": 0.5849150589197427,
  "ndcg": {
    "1": 0.4964871194379391,
    "3": 0.505402519643441,
    "5": 0.5345434166774422,
    "10": 0.5579568297911786
  },
  "r_precision": 0.42891571088292396,
  "f1_score": {
    "1": 0.393446054335984,
    "3": 0.32697964928644085,
    "5": 0.2660358277592057,
    "10": 0.17515301231666275
  },
  "mean_retrieval_time": 2.5021052751384793e-05,
  "mean_similarity_distance": 0.6945100426673889
}