{
  "precision_at_k": {
    "1": 0.5058548009367682,
    "3": 0.26697892271662765,
    "5": 0.18407494145199063,
    "10": 0.11334894613583138
  },
  "recall_at_k": {
    "1": 0.3648301607318,
    "3": 0.5201735423046898,
    "5": 0.5817425288736764,
    "10": 0.6871059268600251
  },
  "map": 0.5030749945113724,
  "mrr": 0.5892262369428645,
  "ndcg": {
    "1": 0.5058548009367682,
    "3": 0.5112315784038513,
    "5": 0.5346395398354078,
    "10": 0.5721159588954595
  },
  "r_precision": 0.43308563021677776,
  "f1_score": {
    "1": 0.4039066320096765,
    "3": 0.3305391654923271,
    "5": 0.2624390212349987,
    "10": 0.18487504042892872
  },
  "mean_retrieval_time": 0.011332583371593466,
  "mean_similarity_distance": 0.5223453224961596
}