{
  "precision_at_k": {
    "1": 0.5035128805620609,
    "3": 0.26697892271662765,
    "5": 0.18407494145199063,
    "10": 0.11358313817330211
  },
  "recall_at_k": {
    "1": 0.36248824035709276,
    "3": 0.5201735423046898,
    "5": 0.5817425288736764,
    "10": 0.6894478472347324
  },
  "map": 0.5021382263614894,
  "mrr": 0.5882894687929816,
  "ndcg": {
    "1": 0.5035128805620609,
    "3": 0.510367245274042,
    "5": 0.5337752067055986,
    "10": 0.5719285925720154
  },
  "r_precision": 0.4307437098420705,
  "f1_score": {
    "1": 0.40156471163496926,
    "3": 0.3305391654923271,
    "5": 0.2624390212349987,
    "10": 0.1853008441334209
  },
  "mean_retrieval_time": 0.0008862075537652546,
  "mean_similarity_distance": 0.47765758633613586
}