{
  "precision_at_k": {
    "1": 0.3840749414519906,
    "3": 0.22872755659640903,
    "5": 0.17096018735362997,
    "10": 0.11381733021077284
  },
  "recall_at_k": {
    "1": 0.269494485478092,
    "3": 0.44437338617666483,
    "5": 0.535489601473208,
    "10": 0.6917897676094397
  },
  "map": 0.42114325095784894,
  "mrr": 0.4984712464220661,
  "ndcg": {
    "1": 0.3840749414519906,
    "3": 0.4169521966297832,
    "5": 0.4546135906373634,
    "10": 0.5095108472030113
  },
  "r_precision": 0.33570077463520087,
  "f1_score": {
    "1": 0.3003231221029816,
    "3": 0.2821933790903346,
    "5": 0.24276334172325362,
    "10": 0.18572664783791315
  },
  "mean_retrieval_time": 
    0.02619760237477144
  ,
  "mean_similarity_distance": 0.47764847531943794
}