{
  "precision_at_k": {
    "1": 0.5152224824355972,
    "3": 0.26775956284153,
    "5": 0.18641686182669787,
    "10": 0.11030444964871194
  },
  "recall_at_k": {
    "1": 0.3724414019495986,
    "3": 0.5236343801917572,
    "5": 0.5941742228627475,
    "10": 0.6767429292019456
  },
  "map": 0.5089050545256634,
  "mrr": 0.5983578677372589,
  "ndcg": {
    "1": 0.5152224824355972,
    "3": 0.5183739860123255,
    "5": 0.5447565766608549,
    "10": 0.5741157757618084
  },
  "r_precision": 0.4459076442683,
  "f1_score": {
    "1": 0.41183570527832813,
    "3": 0.3324814724697629,
    "5": 0.2669240022043439,
    "10": 0.18008936361071154
  },
  "mean_retrieval_time": 0.02705166362208561,
  "mean_similarity_distance": 0.6159197688102722
}